energia,potencia_max,frecuencia_potencia_max,media_espectro,var_espectro,max_espectro,entropia,min_espectro,no_cero_crossing,no_mean_crossing,n5,n25,n75,n95,mediana,media,std,varianza,rms,Tipo_Sismo
24.53833133719842,0.00012159661456439309,3.90625,0.00012775239731426644,5.3019834504918205e-06,0.14645085012067277,5.307720722720142e-22,9.605620455025981,204.0,195.0,-0.015323381883825217,-0.0001873980470015017,0.00034720179926384104,0.022931974600996958,2.0669022837285097e-12,0.0002804790504370999,0.04065165179090104,0.0016525567933286679,0.011185555130329174,sisLoc
0.0008564019819333398,2.3006172726562162e-09,39.0625,1.995403063821811e-06,2.0598000257173453e-10,0.000409220865999185,2.4128556939895862e-25,9.605620455025981,468.0,451.0,-0.00016589151794994185,-3.784440411721974e-09,1.3102569266188183e-08,0.00017209371127539972,7.954221965167563e-16,-4.5707349653639863e-07,0.00024016187517892712,5.767772628945857e-08,5.474878172387601e-05,sisLoc
2.880989558842123e-08,8.457749035870137e-14,46.875,1.3609109387903133e-08,6.728884611407931e-15,2.4960174976208567e-06,1.951416160527301e-27,9.605620455025981,624.0,605.0,-1.158634345403639e-06,-1.808233771486724e-10,8.31605253067639e-11,1.1841249002371609e-06,-2.1945063235519962e-18,-2.6306124612931907e-09,1.39295179803228e-06,1.9403147116413612e-12,3.6759010411880376e-07,sisLoc
32.0733976850021,0.00016052528782940212,3.90625,0.00012122116851271102,6.9374092051730625e-06,0.16820346315812537,1.1636906104366705e-20,9.605620455025981,182.0,172.0,-0.017225338358830833,-0.00033440183328295133,0.0001247302373349265,0.018401366326526523,-1.8655262325389797e-11,-0.00010250601408720262,0.04647693166637836,0.002160105177121204,0.011788698964476577,sisLoc
0.0008979447896099415,2.8169256345714814e-09,39.0625,1.3787465186353196e-06,2.261552687080727e-10,0.0004882199725023761,1.606778515809708e-25,9.605620455025981,427.0,409.0,-0.00010020537915578208,-3.5446865016757494e-09,1.3865216318231916e-08,0.00010011837770359922,9.536273275794215e-16,3.116154100063824e-07,0.00024591809690571763,6.047571038572992e-08,3.501849505050414e-05,sisLoc
2.6039339901240327e-08,8.901428369018884e-14,46.875,8.399198369537868e-09,6.525072774644708e-15,2.7183126551779533e-06,2.4538674014866205e-27,9.605620455025981,512.0,493.0,-5.27147820314328e-07,-5.499531165063896e-11,6.595118877556467e-11,5.25975577881362e-07,-4.285094608818352e-19,1.8158741641889007e-09,1.3242823706607077e-06,1.7537237972427442e-12,1.990320580557194e-07,sisLoc
12.059253237289187,5.8961733148245455e-05,3.90625,8.283580317607112e-05,2.6197087297200465e-06,0.10179254794161562,2.9669348946175375e-22,9.605620455025981,75.0,63.0,-0.021452250050297595,-6.024530428484975e-06,8.815442554571033e-06,0.011908516955879208,3.888176819222187e-14,-0.0003895722341816487,0.028496114526331797,0.0008120285430978181,0.007720736739222191,sisLoc
0.00042209887258462433,9.19158375056989e-10,39.0625,1.2911419464069785e-06,1.0600915648017786e-10,0.00027819209021968065,3.992129218484083e-28,9.605620455025981,321.0,299.0,-4.1378088976547175e-05,-1.7245300259277143e-10,4.053433728500757e-10,4.011139147126841e-05,1.1638541547124981e-17,5.254348934036106e-07,0.0001686052167295212,2.842771910840881e-08,1.883019762404087e-05,sisLoc
1.3618969712642914e-08,3.4264563956493926e-14,46.875,8.221047168968349e-09,3.385432018086449e-15,1.6740041365093583e-06,6.23113689018345e-29,9.605620455025981,422.0,403.0,-2.6340749317263623e-07,-1.2822110619323758e-12,1.9031285335990758e-12,2.548447722833966e-07,-6.628808569991062e-22,2.8132977383315453e-09,9.57714965431367e-07,9.172179550112044e-13,1.2234600692660195e-07,sisLoc
12.059253237289187,5.8961733148245455e-05,3.90625,8.283580317607112e-05,2.6197087297200465e-06,0.10179254794161562,2.9669348946175375e-22,9.605620455025981,75.0,63.0,-0.021452250050297595,-6.024530428484975e-06,8.815442554571033e-06,0.011908516955879208,3.888176819222187e-14,-0.0003895722341816487,0.028496114526331797,0.0008120285430978181,0.007720736739222191,sisLoc
0.00042209887258462433,9.19158375056989e-10,39.0625,1.2911419464069785e-06,1.0600915648017786e-10,0.00027819209021968065,3.992129218484083e-28,9.605620455025981,321.0,299.0,-4.1378088976547175e-05,-1.7245300259277143e-10,4.053433728500757e-10,4.011139147126841e-05,1.1638541547124981e-17,5.254348934036106e-07,0.0001686052167295212,2.842771910840881e-08,1.883019762404087e-05,sisLoc
1.3618969712642914e-08,3.4264563956493926e-14,46.875,8.221047168968349e-09,3.385432018086449e-15,1.6740041365093583e-06,6.23113689018345e-29,9.605620455025981,422.0,403.0,-2.6340749317263623e-07,-1.2822110619323758e-12,1.9031285335990758e-12,2.548447722833966e-07,-6.628808569991062e-22,2.8132977383315453e-09,9.57714965431367e-07,9.172179550112044e-13,1.2234600692660195e-07,sisLoc
31.27441854847748,0.00015687254454594454,3.90625,0.00011120828776090641,6.7733449596263344e-06,0.16614150038837378,5.674394189301797e-23,9.605620455025981,65.0,51.0,-0.01707309751597122,-1.2348570600951617e-06,1.0992537548573443e-06,0.018147463698578076,-2.7909649588730145e-14,-7.872555687995414e-05,0.045894432459951034,0.0021062989308210074,0.011219303902564044,sisLoc
0.0008482550064969648,2.555065560699891e-09,39.0625,1.0449049076741961e-06,2.1440600033911955e-10,0.0004704705231797362,6.390081481081298e-28,9.605620455025981,289.0,267.0,-7.964907369126982e-05,-1.998307262370564e-11,7.642566645208302e-11,7.671730047937182e-05,3.1221468049338734e-18,1.573216935671687e-07,0.00023901719327935254,5.712921868313937e-08,2.7778986112375862e-05,sisLoc
2.6007766781356962e-08,9.912866118745635e-14,46.875,6.516544774995769e-09,6.4775626006212254e-15,2.8643633721276713e-06,1.1283599990040327e-29,9.605620455025981,298.0,277.0,-6.576857533177078e-07,-1.7027607609543564e-13,3.323094215932054e-13,6.538879640646295e-07,1.4646893306586396e-21,9.200906419056108e-10,1.32348019466443e-06,1.7515998256689975e-12,2.0274476019385615e-07,sisLoc
18.090601730382623,8.979830132530692e-05,3.90625,0.00010172012852151336,3.917617057985045e-06,0.12563811301094366,4.060067402700218e-22,9.605620455025981,229.0,215.0,-0.01918889376600988,-0.000354082367560222,0.00025327440854008387,0.014016268010767531,-5.537765604816043e-12,-0.00027890249371067465,0.03490427831361011,0.0012183086445939526,0.009442812937475273,sisLoc
0.0005790760597938546,1.6764982957881463e-09,39.0625,1.4252282695218253e-06,1.413394857740411e-10,0.00034818666826647314,2.0768345982134235e-25,9.605620455025981,411.0,393.0,-0.00014692194534733074,-4.26372987956897e-09,1.080764935708986e-08,0.00015109684037826972,3.7934116380724616e-16,3.622742508302816e-07,0.00019748453656168494,3.9000142180983476e-08,4.474533925952669e-05,sisLoc
1.6891884042951607e-08,5.891724991419218e-14,46.875,8.133541939782704e-09,4.0569428037931575e-15,2.020877141442469e-06,1.6038666946230692e-27,9.605620455025981,503.0,483.0,-7.45792970406921e-07,-1.7688441730323156e-10,6.045428371013311e-11,7.87621447470334e-07,-2.8050027462494917e-18,1.4673829197002063e-09,1.066607554403753e-06,1.137651675111155e-12,2.44242847855716e-07,sisLoc
27.763197639699236,0.0001389672927375389,3.90625,0.00011004140402156661,6.003358019938602e-06,0.15664203300774912,2.869518019669688e-22,9.605620455025981,124.0,106.0,-0.016264360707432507,-7.396075402508756e-06,7.322107170770857e-06,0.017270850151460498,9.9030724150226e-15,0.00013789018346571118,0.04324128135867366,0.0018698084135399782,0.010867460680263279,sisLoc
0.0007703946921396777,2.47711327314807e-09,39.0625,1.2828664680468671e-06,1.938110047171995e-10,0.0004635472710989115,8.980873257150117e-28,9.605620455025981,289.0,269.0,-8.755996811440194e-05,-1.0237854502979654e-10,5.27671478422499e-10,8.737156567924923e-05,1.9669010893220856e-17,-3.34864196008715e-07,0.00022778346350914555,5.188530624822224e-08,2.9432013287600748e-05,sisLoc
2.307416004793085e-08,7.736775285434811e-14,46.875,7.936073974595463e-09,5.783149792046348e-15,2.6071513436486697e-06,5.71514956357362e-29,9.605620455025981,352.0,329.0,-4.4308861065542294e-07,-1.5729974870630915e-12,1.4174841171776834e-12,4.4110863522122434e-07,1.5671404178037432e-21,-1.9203849042040303e-09,1.2466038263348465e-06,1.55402109983268e-12,1.6292593799388972e-07,sisLoc
34.270717790012625,0.0001731286001189474,3.90625,0.00012033190702416839,7.400384151620478e-06,0.1740729173504558,8.295793807936237e-23,9.605620455025981,77.0,63.0,-0.017832994310853074,-3.8851233824761305e-06,2.1325935628363983e-06,0.021569157858134996,-4.994577865703925e-14,-6.86854464822737e-05,0.048042674589832725,0.002308098581744559,0.01191361461152443,sisLoc
0.0009088278211879708,2.7819928449019026e-09,39.0625,1.1384076239353637e-06,2.3055219557323102e-10,0.0004919334142193147,7.718326030247176e-28,9.605620455025981,273.0,251.0,-5.334179781077942e-05,-2.961320745300497e-11,9.161559347855566e-11,4.828896338733466e-05,4.2049210236002566e-18,2.073299430262851e-07,0.0002474039759160004,6.120872729904491e-08,2.4091849439193897e-05,sisLoc
2.6852863063704837e-08,9.72252698541087e-14,46.875,7.028463540291228e-09,6.787781649211055e-15,2.926035916569343e-06,1.6520120754026923e-29,9.605620455025981,330.0,305.0,-3.502659153270061e-07,-7.063638270566299e-13,4.767286760356781e-13,3.4884450057207897e-07,-7.801734501062962e-21,1.4293620388386094e-09,1.3448104458416436e-06,1.8085151352448e-12,1.4571731475408792e-07,sisLoc
35.329123370096006,0.00017628647183513214,3.90625,0.0001184756511399625,7.649916461027992e-06,0.17649877242393835,4.823793321991934e-24,9.605620455025981,33.0,13.0,-0.01840883558228887,-3.5648425031672027e-07,1.9306232466556074e-07,0.020128819499659775,-4.09218820001364e-15,-0.00013321062250953804,0.048778768514233524,0.00237936825776518,0.011899266757981584,sisLoc
0.0009161741902394637,2.8442275042603253e-09,39.0625,8.602754803291519e-07,2.3355135638923823e-10,0.0005009861988043094,3.2565173873304616e-28,9.605620455025981,179.0,157.0,-2.7056999131215184e-05,-2.4612798955976613e-12,8.23173634993583e-12,1.5357205356758642e-05,4.838431426492958e-19,4.856192608595549e-08,0.0002484019717092254,6.17035395490308e-08,1.8949957289066797e-05,sisLoc
2.677979035185959e-08,1.0232024722041366e-13,46.875,4.795978678101872e-09,6.811346625739983e-15,2.9704047510981702e-06,9.405417121550723e-31,9.605620455025981,226.0,201.0,-1.2532066688494614e-07,-6.956239481440259e-14,4.19645497936023e-14,1.2114891195454924e-07,-6.9302693740824305e-22,2.2779333378267233e-10,1.3429801719615131e-06,1.8035957422817753e-12,1.1314116876619905e-07,sisLoc
13.090843315901356,6.54478011488729e-05,3.90625,7.697508911518798e-05,2.829395046747714e-06,0.10765574733246354,1.9728653933108493e-22,9.605620455025981,101.0,83.0,-0.011160198319346648,-4.304501231007862e-06,8.371526754683934e-06,0.011731938493873379,1.3729213005606074e-13,8.10578415808511e-05,0.02969259910722737,0.0008816504417425196,0.007459377800978128,sisLoc
0.0003476560063021877,1.078602937643655e-09,39.0625,6.602331038403524e-07,8.7752434049934e-11,0.0002998500893492445,6.0102572811690245e-28,9.605620455025981,327.0,307.0,-4.063893377985783e-05,-5.7941130517827376e-11,4.075583940688755e-10,4.2730823237524936e-05,1.504161524743699e-17,-3.77274355786579e-08,0.0001530174202424,2.3414330897639238e-08,1.7101463623592606e-05,sisLoc
1.0531029205657817e-08,3.781953225206831e-14,46.875,4.173295138089521e-09,2.6181136090426285e-15,1.7682311486245021e-06,3.9844815312308534e-29,9.605620455025981,410.0,389.0,-2.9814097071759257e-07,-1.1148982982986632e-12,9.199018223334682e-13,3.091611100430658e-07,-1.519128872794095e-22,-1.7643888401860095e-10,8.421732051050549e-07,7.09255707396921e-13,1.172515298880654e-07,sisLoc
21.935687103935862,0.0001094275470107845,3.90625,9.938723441040022e-05,4.7370161572316565e-06,0.13929767642823174,4.0547803938045546e-22,9.605620455025981,140.0,126.0,-0.014397626638014372,-1.2611337809887824e-05,7.576596237470056e-06,0.016315850097216443,-3.142033725613745e-13,-1.5718080858852597e-05,0.03843630275295642,0.001477349369316925,0.009642608633444122,sisLoc
0.0005925169038546429,1.8308744277672596e-09,39.0625,9.20435494088857e-07,1.487942854973663e-10,0.0003899548614878248,5.520177443800471e-28,9.605620455025981,287.0,269.0,-6.971337268201275e-05,-2.1182844664907715e-10,6.551718116694087e-10,6.67945199943797e-05,2.1587514459114766e-17,6.365355827666584e-08,0.00019976360687672906,3.9905498632400356e-08,2.6133941062200736e-05,sisLoc
1.7886312621499624e-08,6.417995695875676e-14,46.875,5.30586958993454e-09,4.4261068573168555e-15,2.354035647792543e-06,8.602127578006701e-29,9.605620455025981,418.0,399.0,-3.5460440281224757e-07,-1.7631553879197502e-12,3.036787561090543e-12,3.474320605322711e-07,2.779196929129357e-20,1.505696168927273e-10,1.0975553348928573e-06,1.204627713151772e-12,1.5042318596548765e-07,sisLoc
19.214034468475035,9.649715996268811e-05,3.90625,9.314222311969378e-05,4.1469422417110785e-06,0.13044639221430754,2.1298039616862218e-20,9.605620455025981,151.0,139.0,-0.01349505613561523,-0.00034024293825494215,0.00030554318213225017,0.01313315809470884,8.152629509860352e-13,4.9289583237195995e-05,0.0359728540453209,0.0012940462281659602,0.009125399963606493,sisLoc
0.0004970455357961229,1.5928808519546084e-09,39.0625,7.160669358903095e-07,1.2651760243579808e-10,0.0003680309191544986,6.51997876900145e-25,9.605620455025981,488.0,473.0,-3.7672046655462135e-05,-7.504732342232733e-09,5.0579926683746253e-08,3.915141319293e-05,1.877124869275788e-15,1.2118017110900934e-08,0.00018296335207218875,3.347558820149169e-08,1.873654306825463e-05,sisLoc
1.445437338446743e-08,5.365376147515566e-14,46.875,4.39295880583107e-09,3.655847261956348e-15,2.160898085158992e-06,4.836962270120854e-27,9.605620455025981,657.0,643.0,-2.709268525896386e-07,-1.5625724165434152e-10,1.5414258147596356e-10,2.7635983474854425e-07,2.0629646034413022e-18,6.397521704573332e-11,9.866557569306237e-07,9.73489582684342e-13,1.2339121000304063e-07,sisLoc
19.214034468475035,9.649715996268811e-05,3.90625,9.314222311969378e-05,4.1469422417110785e-06,0.13044639221430754,2.1298039616862218e-20,9.605620455025981,151.0,139.0,-0.01349505613561523,-0.00034024293825494215,0.00030554318213225017,0.01313315809470884,8.152629509860352e-13,4.9289583237195995e-05,0.0359728540453209,0.0012940462281659602,0.009125399963606493,sisLoc
0.0004970455357961229,1.5928808519546084e-09,39.0625,7.160669358903095e-07,1.2651760243579808e-10,0.0003680309191544986,6.51997876900145e-25,9.605620455025981,488.0,473.0,-3.7672046655462135e-05,-7.504732342232733e-09,5.0579926683746253e-08,3.915141319293e-05,1.877124869275788e-15,1.2118017110900934e-08,0.00018296335207218875,3.347558820149169e-08,1.873654306825463e-05,sisLoc
1.445437338446743e-08,5.365376147515566e-14,46.875,4.39295880583107e-09,3.655847261956348e-15,2.160898085158992e-06,4.836962270120854e-27,9.605620455025981,657.0,643.0,-2.709268525896386e-07,-1.5625724165434152e-10,1.5414258147596356e-10,2.7635983474854425e-07,2.0629646034413022e-18,6.397521704573332e-11,9.866557569306237e-07,9.73489582684342e-13,1.2339121000304063e-07,sisLoc
19.214034468475035,9.649715996268811e-05,3.90625,9.314222311969378e-05,4.1469422417110785e-06,0.13044639221430754,2.1298039616862218e-20,9.605620455025981,151.0,139.0,-0.01349505613561523,-0.00034024293825494215,0.00030554318213225017,0.01313315809470884,8.152629509860352e-13,4.9289583237195995e-05,0.0359728540453209,0.0012940462281659602,0.009125399963606493,sisLoc
0.0004970455357961229,1.5928808519546084e-09,39.0625,7.160669358903095e-07,1.2651760243579808e-10,0.0003680309191544986,6.51997876900145e-25,9.605620455025981,488.0,473.0,-3.7672046655462135e-05,-7.504732342232733e-09,5.0579926683746253e-08,3.915141319293e-05,1.877124869275788e-15,1.2118017110900934e-08,0.00018296335207218875,3.347558820149169e-08,1.873654306825463e-05,sisLoc
1.445437338446743e-08,5.365376147515566e-14,46.875,4.39295880583107e-09,3.655847261956348e-15,2.160898085158992e-06,4.836962270120854e-27,9.605620455025981,657.0,643.0,-2.709268525896386e-07,-1.5625724165434152e-10,1.5414258147596356e-10,2.7635983474854425e-07,2.0629646034413022e-18,6.397521704573332e-11,9.866557569306237e-07,9.73489582684342e-13,1.2339121000304063e-07,sisLoc
19.214034468475035,9.649715996268811e-05,3.90625,9.314222311969378e-05,4.1469422417110785e-06,0.13044639221430754,2.1298039616862218e-20,9.605620455025981,151.0,139.0,-0.01349505613561523,-0.00034024293825494215,0.00030554318213225017,0.01313315809470884,8.152629509860352e-13,4.9289583237195995e-05,0.0359728540453209,0.0012940462281659602,0.009125399963606493,sisLoc
0.0004970455357961229,1.5928808519546084e-09,39.0625,7.160669358903095e-07,1.2651760243579808e-10,0.0003680309191544986,6.51997876900145e-25,9.605620455025981,488.0,473.0,-3.7672046655462135e-05,-7.504732342232733e-09,5.0579926683746253e-08,3.915141319293e-05,1.877124869275788e-15,1.2118017110900934e-08,0.00018296335207218875,3.347558820149169e-08,1.873654306825463e-05,sisLoc
1.445437338446743e-08,5.365376147515566e-14,46.875,4.39295880583107e-09,3.655847261956348e-15,2.160898085158992e-06,4.836962270120854e-27,9.605620455025981,657.0,643.0,-2.709268525896386e-07,-1.5625724165434152e-10,1.5414258147596356e-10,2.7635983474854425e-07,2.0629646034413022e-18,6.397521704573332e-11,9.866557569306237e-07,9.73489582684342e-13,1.2339121000304063e-07,sisLoc
15.723908172251551,7.786574266289513e-05,3.90625,0.00010025974713473067,3.4012331743585385e-06,0.11688360625919503,9.331877662401762e-22,9.605620455025981,150.0,131.0,-0.018260701222146576,-3.1340195262133334e-05,2.382595519293565e-05,0.014256377514442786,-1.1753495727143408e-13,-0.00020915308748980135,0.032541479918619,0.0010589479152938836,0.008822997161243006,sisLoc
0.0005490524405995872,1.4777752799531283e-09,39.0625,1.4124731945636794e-06,1.3245619648344868e-10,0.00032359330033745716,2.1591862532997738e-27,9.605620455025981,398.0,379.0,-9.697699897196398e-05,-2.479219782389746e-10,8.686127578842001e-10,9.852464445816745e-05,5.4201932603953485e-17,3.0326342835430004e-07,0.0001922969489737311,3.6978116584605735e-08,3.608635356505095e-05,sisLoc
1.73376473563423e-08,5.5007640885845156e-14,46.875,8.737450309494507e-09,4.0460449071482825e-15,1.964080276376781e-06,2.652657460707399e-28,9.605620455025981,511.0,491.0,-7.691987016159206e-07,-1.373303317803043e-11,5.988457908388272e-12,7.774380513231874e-07,-1.7556281958202685e-19,1.233678752294677e-09,1.0805896914364253e-06,1.167674081238669e-12,2.521814300836245e-07,sisLoc
15.723908172251551,7.786574266289513e-05,3.90625,0.00010025974713473067,3.4012331743585385e-06,0.11688360625919503,9.331877662401762e-22,9.605620455025981,150.0,131.0,-0.018260701222146576,-3.1340195262133334e-05,2.382595519293565e-05,0.014256377514442786,-1.1753495727143408e-13,-0.00020915308748980135,0.032541479918619,0.0010589479152938836,0.008822997161243006,sisLoc
0.0005490524405995872,1.4777752799531283e-09,39.0625,1.4124731945636794e-06,1.3245619648344868e-10,0.00032359330033745716,2.1591862532997738e-27,9.605620455025981,398.0,379.0,-9.697699897196398e-05,-2.479219782389746e-10,8.686127578842001e-10,9.852464445816745e-05,5.4201932603953485e-17,3.0326342835430004e-07,0.0001922969489737311,3.6978116584605735e-08,3.608635356505095e-05,sisLoc
1.73376473563423e-08,5.5007640885845156e-14,46.875,8.737450309494507e-09,4.0460449071482825e-15,1.964080276376781e-06,2.652657460707399e-28,9.605620455025981,511.0,491.0,-7.691987016159206e-07,-1.373303317803043e-11,5.988457908388272e-12,7.774380513231874e-07,-1.7556281958202685e-19,1.233678752294677e-09,1.0805896914364253e-06,1.167674081238669e-12,2.521814300836245e-07,sisLoc
15.723908172251551,7.786574266289513e-05,3.90625,0.00010025974713473067,3.4012331743585385e-06,0.11688360625919503,9.331877662401762e-22,9.605620455025981,150.0,131.0,-0.018260701222146576,-3.1340195262133334e-05,2.382595519293565e-05,0.014256377514442786,-1.1753495727143408e-13,-0.00020915308748980135,0.032541479918619,0.0010589479152938836,0.008822997161243006,sisLoc
0.0005490524405995872,1.4777752799531283e-09,39.0625,1.4124731945636794e-06,1.3245619648344868e-10,0.00032359330033745716,2.1591862532997738e-27,9.605620455025981,398.0,379.0,-9.697699897196398e-05,-2.479219782389746e-10,8.686127578842001e-10,9.852464445816745e-05,5.4201932603953485e-17,3.0326342835430004e-07,0.0001922969489737311,3.6978116584605735e-08,3.608635356505095e-05,sisLoc
1.73376473563423e-08,5.5007640885845156e-14,46.875,8.737450309494507e-09,4.0460449071482825e-15,1.964080276376781e-06,2.652657460707399e-28,9.605620455025981,511.0,491.0,-7.691987016159206e-07,-1.373303317803043e-11,5.988457908388272e-12,7.774380513231874e-07,-1.7556281958202685e-19,1.233678752294677e-09,1.0805896914364253e-06,1.167674081238669e-12,2.521814300836245e-07,sisLoc
15.723908172251551,7.786574266289513e-05,3.90625,0.00010025974713473067,3.4012331743585385e-06,0.11688360625919503,9.331877662401762e-22,9.605620455025981,150.0,131.0,-0.018260701222146576,-3.1340195262133334e-05,2.382595519293565e-05,0.014256377514442786,-1.1753495727143408e-13,-0.00020915308748980135,0.032541479918619,0.0010589479152938836,0.008822997161243006,sisLoc
0.0005490524405995872,1.4777752799531283e-09,39.0625,1.4124731945636794e-06,1.3245619648344868e-10,0.00032359330033745716,2.1591862532997738e-27,9.605620455025981,398.0,379.0,-9.697699897196398e-05,-2.479219782389746e-10,8.686127578842001e-10,9.852464445816745e-05,5.4201932603953485e-17,3.0326342835430004e-07,0.0001922969489737311,3.6978116584605735e-08,3.608635356505095e-05,sisLoc
1.73376473563423e-08,5.5007640885845156e-14,46.875,8.737450309494507e-09,4.0460449071482825e-15,1.964080276376781e-06,2.652657460707399e-28,9.605620455025981,511.0,491.0,-7.691987016159206e-07,-1.373303317803043e-11,5.988457908388272e-12,7.774380513231874e-07,-1.7556281958202685e-19,1.233678752294677e-09,1.0805896914364253e-06,1.167674081238669e-12,2.521814300836245e-07,sisLoc
15.723908172251551,7.786574266289513e-05,3.90625,0.00010025974713473067,3.4012331743585385e-06,0.11688360625919503,9.331877662401762e-22,9.605620455025981,150.0,131.0,-0.018260701222146576,-3.1340195262133334e-05,2.382595519293565e-05,0.014256377514442786,-1.1753495727143408e-13,-0.00020915308748980135,0.032541479918619,0.0010589479152938836,0.008822997161243006,sisLoc
0.0005490524405995872,1.4777752799531283e-09,39.0625,1.4124731945636794e-06,1.3245619648344868e-10,0.00032359330033745716,2.1591862532997738e-27,9.605620455025981,398.0,379.0,-9.697699897196398e-05,-2.479219782389746e-10,8.686127578842001e-10,9.852464445816745e-05,5.4201932603953485e-17,3.0326342835430004e-07,0.0001922969489737311,3.6978116584605735e-08,3.608635356505095e-05,sisLoc
1.73376473563423e-08,5.5007640885845156e-14,46.875,8.737450309494507e-09,4.0460449071482825e-15,1.964080276376781e-06,2.652657460707399e-28,9.605620455025981,511.0,491.0,-7.691987016159206e-07,-1.373303317803043e-11,5.988457908388272e-12,7.774380513231874e-07,-1.7556281958202685e-19,1.233678752294677e-09,1.0805896914364253e-06,1.167674081238669e-12,2.521814300836245e-07,sisLoc
19.80251984016975,9.609218718725666e-05,3.90625,0.0001152036758634541,4.269758323820958e-06,0.1310346477958738,2.4096623465882825e-22,9.605620455025981,116.0,95.0,-0.023883386026061694,-5.845453618533051e-06,7.945294223382212e-06,0.017261529940053703,6.556666340036577e-14,-0.00032057815036986653,0.036518212849852676,0.001333579869747145,0.009935859777791298,sisLoc
0.0007193260669469421,2.072168337165297e-09,42.96875,1.7399995067370772e-06,1.7025750748173073e-10,0.00037891268392645065,6.928663938169299e-28,9.605620455025981,334.0,313.0,-0.00012897912621451574,-6.44962455861976e-11,5.155729786043686e-10,0.0001443945614355256,1.874465970702804e-17,4.0708904190478476e-07,0.00022010412258453976,4.8445824778710104e-08,4.487031203402738e-05,sisLoc
2.4840116698792725e-08,6.86868066753563e-14,42.96875,1.1674595057776478e-08,5.642355715850397e-15,2.2808344669008205e-06,6.368399722879251e-29,9.605620455025981,409.0,385.0,-1.024007615382069e-06,-1.7804919191228992e-12,1.2608149816714166e-12,1.0881733496875974e-06,-8.691275968741296e-21,2.254695526892733e-09,1.2934277568221834e-06,1.6729553621180654e-12,3.1301886488509844e-07,sisLoc
31.997064828101742,7.555319721771702e-05,3.90625,9.215840205893262e-05,3.3724980977060952e-06,0.16621690005221018,1.0029396794436132e-30,10.33266918726161,661.0,625.0,-0.012754345344809077,-7.20177371943603e-06,1.0023864981557425e-05,0.011215473864741856,8.559573418672902e-22,-0.00015388029373749622,0.032273014138156295,0.001041547441561636,0.00726583605347851,sisReg
0.001373693240101898,2.7497071852881093e-09,39.0625,1.6272837212901683e-06,1.5227550175888292e-10,0.0004908817148857844,9.292909620511461e-35,10.33266918726161,979.0,945.0,-0.00025141101609536283,-4.06512188631914e-11,7.908076133032046e-10,0.0002495634712937815,3.331211858828732e-25,1.742601189634879e-07,0.00021146287253237764,4.4716546459644596e-08,7.147489438197138e-05,sisReg
4.5349700929923124e-08,6.24203205787229e-14,42.96875,1.1409924454838046e-08,4.952739444578272e-15,2.660133659460711e-06,3.1447496205024047e-37,10.33266918726161,1156.0,1123.0,-1.4596673820750929e-06,-2.162906919988982e-12,5.449472837246666e-12,1.428247708163547e-06,4.274088370719097e-28,1.3260517198264128e-09,1.2150001997528389e-06,1.4762254853994381e-12,4.1682016757290997e-07,sisReg
119.7736431480794,0.00012432683832770903,15.625,0.0007113325999123294,1.1236545771416467e-05,0.08931913826834233,1.4475802891345767e-20,10.33266918726161,779.0,767.0,-0.08310434699838569,-0.024087139736779794,0.004580309717172343,0.12957638487314485,-6.776378854054991e-07,8.609328244959007e-05,0.06244096572635569,0.0038988742008399264,0.03663168689900176,sisReg
0.062428708399219116,7.881614030555737e-08,42.96875,1.6248417646424217e-05,5.661490550550853e-09,0.0017045567636167558,4.487592538492704e-25,10.33266918726161,1845.0,1829.0,-0.0021618684189558114,-0.0002058156396326147,0.00018661306265356118,0.0023983511256202125,2.640479385193053e-16,-1.0318859434182489e-07,0.0014255470906132358,2.032184507555861e-06,0.0007476997383407537,sisReg
1.275393797821942e-06,1.8716950705362957e-12,58.59375,7.851919683093223e-08,1.1452911364445346e-13,1.1447372876882666e-05,4.173772330520273e-25,10.33266918726161,2311.0,2295.0,-9.17434716896408e-06,-1.1536907436052805e-06,8.649718218892791e-07,9.942765550766659e-06,-2.4694434951366405e-15,2.491830654639021e-09,6.443346877228972e-06,4.151671898029634e-11,3.3070826479864786e-06,sisReg
4.880697807581922,4.015099731763307e-06,15.625,0.00013773392426116347,4.33855333240321e-07,0.015394306755105678,2.862586469948303e-14,10.33266918726161,1523.0,1519.0,-0.012489821504716711,-0.003349252181181982,0.0028100976835500253,0.009319081745815215,-7.743266606136275e-05,7.162395975651354e-05,0.012604433813766202,0.0001588717517656128,0.0054979128985647874,sisReg
0.0032797318659818497,4.45416759608443e-09,42.96875,3.6671895818334406e-06,2.9581768641058406e-10,0.000535585599262079,1.9683236484754164e-14,10.33266918726161,2758.0,2758.0,-0.0003045761407386392,-8.062874532214306e-05,7.884507682821409e-05,0.0002951558626478611,-2.2863893543085217e-07,1.5817624472443206e-07,0.0003267446709476768,1.0676207999270562e-07,0.00014862567183085697,sisReg
6.365459316797692e-08,5.936961278612275e-14,50.78125,2.2078854448500285e-08,6.077170155124439e-15,1.6294940718839625e-06,1.0469152196645536e-16,10.33266918726161,3761.0,3757.0,-1.3066954300490359e-06,-3.962814258834196e-07,3.7149279361158655e-07,1.2241661466851765e-06,-6.089999855844421e-09,3.2655864646541367e-09,1.439471763286261e-06,2.0720789572984573e-12,6.451136414618389e-07,sisReg
30.521256881189647,7.259712667341653e-05,3.90625,0.00010063362611846099,3.2198276015204197e-06,0.16220613860153782,4.2352493701997945e-27,10.33266918726161,809.0,781.0,-0.011025836772123933,-0.0005667628954493048,0.0007268222045804531,0.009856257020037859,4.334054868859638e-18,-3.0352325071690964e-05,0.031520304189060766,0.0009935295761709215,0.007163625237869853,sisReg
0.0014645178662498746,1.9209330201931745e-09,42.96875,1.819931536667931e-06,1.619383918881767e-10,0.0004860563698836936,1.9283279528629133e-32,10.33266918726161,1414.0,1387.0,-0.0002503192225098891,-5.800570930286013e-08,1.0313044691815175e-06,0.0002501870242112001,3.3528271759635686e-22,-9.440424601760416e-09,0.00021834172193192905,4.767310753619983e-08,8.210979631778202e-05,sisReg
5.865296306971543e-08,1.0715745611001356e-13,50.78125,1.4004190589824016e-08,6.153262627906981e-15,2.8076035020202384e-06,1.6846474229244762e-33,10.33266918726161,1541.0,1511.0,-1.8764124119808618e-06,-4.907545239093222e-09,1.99558909233654e-09,1.8755395398035667e-06,-4.719705836739916e-25,-6.837358082445669e-10,1.3817654193449926e-06,1.9092756740976433e-12,6.065117463695058e-07,sisReg
31.965656247053015,7.604719025617006e-05,3.90625,9.492753042209174e-05,3.368084486024093e-06,0.16641311883354776,6.079308309503558e-29,10.33266918726161,591.0,563.0,-0.01117623415439643,-0.00010557184583816754,0.00010779162781095146,0.011791253038376075,-2.339311329880304e-20,9.57898683653737e-05,0.032257394970144064,0.0010405395302598758,0.00732412577379435,sisReg
0.001306264980357904,1.6821351239987628e-09,39.0625,1.7751780070007157e-06,1.4594756264296374e-10,0.0004916192466564414,8.055192588444807e-34,10.33266918726161,1275.0,1241.0,-0.00022083756052059116,-3.1315290146775345e-09,7.706512071128532e-09,0.00022635790131845545,4.1241182203534093e-25,-2.1290497848879935e-07,0.00020620766515213652,4.252160116749566e-08,6.761243408814224e-05,sisReg
5.670759764720434e-08,7.89049198089374e-14,62.5,1.3337194774943624e-08,5.924771442919596e-15,2.5714079053112218e-06,1.7914564040053838e-35,10.33266918726161,1502.0,1467.0,-1.8623544298540448e-06,-3.7131618388419215e-11,3.426690913448227e-11,1.9010758569263423e-06,-1.3039722693270226e-26,-1.3294181011300798e-09,1.3586569386318407e-06,1.8459486768924453e-12,5.561055486064489e-07,sisReg
14.182985268973935,3.374940162869539e-05,3.90625,4.4159177357960826e-05,1.5169223619966594e-06,0.10894388286833563,4.1921917482004103e-38,10.33266918726161,145.0,103.0,-0.0045703411109105216,-1.6464120422095896e-13,3.745684979874654e-13,0.004002927663211466,8.7118703663832e-30,0.00017835687447210436,0.021486132905118294,0.00046165390721640716,0.003986439999918273,sisReg
0.0005882070937141495,7.173135440716393e-10,46.875,6.348392270736822e-07,7.004259877463266e-11,0.00038805681887829277,3.126554229077072e-42,10.33266918726161,395.0,347.0,-1.8435868276573618e-05,-3.693187676590112e-18,1.788552153551102e-17,1.9736733259310884e-05,7.276741940341403e-33,-1.9818136025736077e-07,0.00013837386695467196,1.9147327055989256e-08,1.3438697961732468e-05,sisReg
2.0626512393394817e-08,3.4034443522132294e-14,46.875,3.856339878793697e-09,2.430450652032315e-15,2.6855514081848625e-06,1.4383943002891287e-44,10.33266918726161,510.0,459.0,-1.1101393160271011e-07,-4.851536528854234e-20,1.0873268757589182e-19,1.114122356173043e-07,3.5961293056352083e-36,-9.311752109175845e-10,8.194114248767511e-07,6.714350832185475e-13,8.47412863100321e-08,sisReg
31.514959666375354,7.222600609104037e-05,3.90625,0.0001026378154717401,3.3380791019830213e-06,0.1598538427712711,9.632568709508141e-31,10.33266918726161,569.0,540.0,-0.011555021985006042,-5.507470292379805e-06,1.4985648550695334e-05,0.013634302923332965,1.6192832651557597e-21,4.512210699064807e-05,0.032029292176099525,0.0010258755573019503,0.0077775246739872125,sisReg
0.0017860015549461805,2.5820339020547634e-09,42.96875,1.6759922846823472e-06,1.8650663293535506e-10,0.00046459536751483133,8.932387569412929e-35,10.33266918726161,964.0,929.0,-0.0002107182299529746,-5.829650633442873e-11,6.940365143058869e-10,0.00021411931114430677,2.8759308384796268e-25,-9.390730688333712e-08,0.00024111835813867157,5.813806263148869e-08,7.002062052638396e-05,sisReg
6.394394489526498e-08,9.118886224695788e-14,46.875,1.0869224194387101e-08,6.395313696027946e-15,2.8082546869530358e-06,5.125689701505202e-37,10.33266918726161,1225.0,1189.0,-1.27779381989137e-06,-4.13103219700298e-12,5.1358722325335746e-12,1.3028704992272057e-06,1.1612230974015908e-28,-3.6060247349982177e-10,1.442743391202537e-06,2.0815084928585968e-12,4.3072585964109955e-07,sisReg
32.65496971541828,7.918963933697493e-05,3.90625,7.376246623292963e-05,3.4377396220170136e-06,0.16975839012870997,5.681593987646135e-34,10.33266918726161,348.0,314.0,-0.009463715789094862,-4.5881272594481167e-10,2.2643302995901732e-09,0.007947608794047673,6.420865093627635e-25,-5.2020267705169855e-06,0.03260348552475164,0.0010629872683626898,0.006326157479095309,sisReg
0.0009709646129901638,1.313919138914926e-09,39.0625,1.0318974500357019e-06,1.164268850803827e-10,0.00046454284069413207,8.691974114513975e-40,10.33266918726161,739.0,699.0,-0.00011465404758097199,-1.4593105250541287e-14,1.2075579824462672e-13,0.00011285847555425182,4.659797110518139e-29,1.4546267220161646e-07,0.00017778329459312132,3.160689983638456e-08,3.169242270420333e-05,sisReg
3.170147983144914e-08,4.920188865784361e-14,46.875,7.028959784715027e-09,3.685976037245949e-15,2.846709359824732e-06,1.3809301532400858e-40,10.33266918726161,974.0,931.0,-8.430305245931253e-07,-5.237011270325467e-16,3.4189201203894053e-16,8.425723051580444e-07,5.606455297638835e-32,7.510180642657204e-10,1.0158487334417388e-06,1.0319486492351852e-12,2.2714574201015127e-07,sisReg
31.768193589023024,7.549953726713598e-05,3.90625,8.896817403393359e-05,3.3478397004808517e-06,0.16635414038295734,1.8207226507976804e-28,10.33266918726161,593.0,573.0,-0.011173914988836606,-0.00011581600448171836,0.0003215473960200452,0.008801619391112622,1.800420962280581e-19,-0.00012119787067832127,0.03215752161058881,0.0010341061961354865,0.007049519369097787,sisReg
0.001137996272542701,1.5078836291490317e-09,39.0625,1.5179894938665535e-06,1.326559754345159e-10,0.0004689722343418906,7.708891952692561e-34,10.33266918726161,1233.0,1201.0,-0.0001580003428418248,-3.490044543609287e-09,6.550928092278194e-08,0.00015380144003198978,1.428763677246621e-23,2.0865603537634596e-07,0.00019246845445290925,3.704410595949161e-08,5.035814126232386e-05,sisReg
4.195333339067613e-08,5.673169271932532e-14,50.78125,1.1273087015692947e-08,4.696292086706908e-15,2.802869602381479e-06,5.108670898024814e-35,10.33266918726161,1582.0,1551.0,-1.2224948134369016e-06,-1.8217833805665117e-10,1.067618074953087e-10,1.189343937753261e-06,1.2095001026996351e-26,1.293118633039112e-09,1.168617444884598e-06,1.3656667324886065e-12,3.786271381859363e-07,sisReg
23.968808763135467,5.463201351010547e-05,3.90625,0.00012167514087454337,2.5092879388018263e-06,0.13941395288873823,2.787212074789527e-28,10.33266918726161,700.0,677.0,-0.01757685827823149,-5.825777175091392e-06,0.0017986463072025105,0.014644689770378963,2.930384992401131e-17,8.824689476527283e-05,0.027932541465893867,0.0007802268727438803,0.007845281416253925,sisReg
0.0020184518081200254,2.9746681788744274e-09,39.0625,2.517320935117278e-06,2.0058202966325975e-10,0.000432175605529993,5.624505369814481e-34,10.33266918726161,1180.0,1149.0,-0.00035601107775959633,-3.259181916522606e-09,1.2463595032284717e-07,0.0003599842819609364,5.366128071164834e-23,-1.0734974447247384e-07,0.0002563294753598828,6.570479993827277e-08,0.00011068930956038062,sisReg
7.275453529389135e-08,9.333541608581396e-14,46.875,1.6934913621386253e-08,6.9971408759233244e-15,2.5292267931041892e-06,2.5973055072534715e-34,10.33266918726161,1417.0,1387.0,-2.178005941026953e-06,-7.735971617974435e-10,6.631231292647608e-10,2.2570034142740216e-06,6.721855453747153e-26,-5.62833042797297e-10,1.5389318954988418e-06,2.3683113789836582e-12,6.879869007260636e-07,sisReg
30.93341565047173,7.327438341681492e-05,3.90625,8.839228633304483e-05,3.2579275511807597e-06,0.16360331593470795,3.5604978182178286e-33,10.33266918726161,494.0,459.0,-0.012351132582490473,-4.7745256920173124e-09,8.593809677712178e-08,0.010396065248903325,9.9140918234374e-24,-6.18945822304297e-05,0.03173236979961446,0.0010069432930994839,0.006775969109780576,sisReg
0.0014190344992557145,2.229770052580357e-09,42.96875,1.4267006365493483e-06,1.5665931420359803e-10,0.0005115548121859293,5.510031118067584e-38,10.33266918726161,831.0,791.0,-0.0002338224718755243,-1.6189736552072114e-13,1.2093210078917032e-12,0.00023335456262478827,5.324853579170461e-28,4.010839500724588e-08,0.00021492446967240282,4.6192527663963604e-08,6.193435307562013e-05,sisReg
5.197223583559193e-08,9.756313927266884e-14,46.875,9.703703439670773e-09,5.499908793369615e-15,3.3278954664767493e-06,1.5605805575184582e-39,10.33266918726161,976.0,938.0,-1.5798860977395626e-06,-9.461490306890955e-15,6.3654230132587365e-15,1.6014628014729172e-06,6.857910241753126e-31,-2.026650852964519e-11,1.3006938731035485e-06,1.6918045515291101e-12,4.23152410995805e-07,sisReg
31.737208384382605,7.615403215719843e-05,3.90625,7.816178703162715e-05,3.3412579843193007e-06,0.16658670837592768,1.955070265673128e-34,10.33266918726161,404.0,367.0,-0.010240160319373796,-3.7770505679630514e-10,9.46752199945266e-10,0.009359586988710063,7.53836608268394e-26,-1.1990389703627846e-05,0.03214206135776519,0.0010331121083263426,0.0063740041474744215,sisReg
0.001220811047479705,1.5601699873104902e-09,42.96875,1.2141657615889242e-06,1.3934791895905922e-10,0.00046603956537011337,9.205297767965442e-40,10.33266918726161,726.0,685.0,-0.00018626544418283753,-7.945620335362908e-15,3.903670151412677e-14,0.00018291151044373032,9.519298520714103e-30,7.002485002727726e-08,0.00019934878491812712,3.97399380483337e-08,4.814630104537188e-05,sisReg
4.4719174755948464e-08,7.82665489080484e-14,50.78125,8.139580802117861e-09,4.849618470963856e-15,2.875481791125488e-06,6.256151732199409e-41,10.33266918726161,821.0,779.0,-1.4126665133208855e-06,-1.3381985629517343e-16,1.7305093578125552e-16,1.4203540597641104e-06,-3.0875495125043186e-32,1.2905383293911384e-10,1.2065248802236276e-06,1.4557022865986387e-12,3.540508963803475e-07,sisReg
31.730776008662072,7.599754209552611e-05,3.90625,8.777831384862748e-05,3.342118064403824e-06,0.16645539096211148,9.970257203448523e-31,10.33266918726161,574.0,539.0,-0.010474657457659305,-2.824257607606974e-06,2.4670720169011088e-05,0.01023042364003088,5.881476901662493e-21,0.00010773259204733597,0.03213862564818092,0.0010328912585539128,0.006912550950247556,sisReg
0.001159914388108981,1.6175075115701576e-09,42.96875,1.4588916669955244e-06,1.3356153794375875e-10,0.00046828422934484814,9.270760046781856e-35,10.33266918726161,1040.0,1005.0,-0.00018021811427843307,-1.776841082304498e-10,3.1678147910539046e-10,0.0001836171444002387,1.0244377509527756e-25,-1.6274925856191007e-07,0.00019431315790222422,3.775760333393473e-08,5.3381481980287166e-05,sisReg
4.1543847495876545e-08,6.076081084142559e-14,46.875,1.0477826183875026e-08,4.5933556827650255e-15,2.924138294743641e-06,2.6835578572478895e-37,10.33266918726161,1359.0,1321.0,-1.294321045011552e-06,-2.774808394139481e-12,7.820468294564375e-13,1.3448355281362164e-06,-1.017968753862671e-27,-9.332112747902073e-10,1.1629006469986081e-06,1.3523379147897812e-12,3.78492945171267e-07,sisReg
31.058177911478005,7.34818256075032e-05,3.90625,9.740393684945035e-05,3.266090765583493e-06,0.16393637221432214,5.127580476497022e-28,10.33266918726161,635.0,607.0,-0.011237851499800769,-0.0002332327041097336,0.00041282179633185843,0.012124445700028014,9.369984775679656e-19,0.0001189442377749352,0.03179613573729086,0.001010994247824225,0.007418355802387635,sisReg
0.0012216280351776915,1.6939754847207403e-09,39.0625,1.6724782520191198e-06,1.366126468867381e-10,0.000459534388778433,7.71512207275192e-34,10.33266918726161,1289.0,1259.0,-0.0001887422503134632,-4.4473232765322165e-08,3.982682770270168e-08,0.00019456248084227223,-1.120110381428488e-23,-1.3467101139188868e-07,0.00019941544440478816,3.976651946715916e-08,6.27678353995733e-05,sisReg
4.579218354281998e-08,6.142074372554975e-14,50.78125,1.1833720028144273e-08,4.843828524982977e-15,2.736573164300807e-06,1.7234932867863295e-34,10.33266918726161,1638.0,1607.0,-1.4349106006040932e-06,-8.64134925973225e-10,1.3465966523885966e-10,1.4695372775732805e-06,-1.9165919470862914e-25,-4.793550410130108e-10,1.2209138974227117e-06,1.4906307449199158e-12,4.6576384013619804e-07,sisReg
26.288217735502396,6.306409123803886e-05,3.90625,7.736711995510459e-05,2.766461427775157e-06,0.1511568441627976,2.9764968030662794e-28,10.33266918726161,442.0,415.0,-0.007948851319388248,-0.0009345665693685765,2.840981075383407e-05,0.010774987541261223,-6.384152052371627e-18,4.15080361977941e-05,0.029252940561485717,0.0008557345314938163,0.006656421846233745,sisReg
0.0008321864800850243,1.1392255091062393e-09,39.0625,1.0422639259118486e-06,9.85820626263751e-11,0.00042601173190324625,9.12912422735605e-34,10.33266918726161,1188.0,1157.0,-0.00010281055156313356,-4.458010489362237e-08,9.945935641418576e-09,0.00011243313742068238,-2.386434011033901e-23,-8.544147049234308e-08,0.00016458856688225998,2.7089396348356165e-08,3.693403695441626e-05,sisReg
2.898775372470643e-08,4.2680282266970846e-14,46.875,7.2648693323692836e-09,3.268234213968063e-15,2.57284036200419e-06,7.470277504940806e-35,10.33266918726161,1561.0,1527.0,-7.179037331314656e-07,-2.6973933718769965e-10,1.0053646614140574e-10,7.347329414197405e-07,-2.9274550708578123e-26,-4.3101925820452066e-10,9.713967207661278e-07,9.436115891151864e-13,2.6246330567129336e-07,sisReg
26.288217735502396,6.306409123803886e-05,3.90625,7.736711995510459e-05,2.766461427775157e-06,0.1511568441627976,2.9764968030662794e-28,10.33266918726161,442.0,415.0,-0.007948851319388248,-0.0009345665693685765,2.840981075383407e-05,0.010774987541261223,-6.384152052371627e-18,4.15080361977941e-05,0.029252940561485717,0.0008557345314938163,0.006656421846233745,sisReg
0.0008321864800850243,1.1392255091062393e-09,39.0625,1.0422639259118486e-06,9.85820626263751e-11,0.00042601173190324625,9.12912422735605e-34,10.33266918726161,1188.0,1157.0,-0.00010281055156313356,-4.458010489362237e-08,9.945935641418576e-09,0.00011243313742068238,-2.386434011033901e-23,-8.544147049234308e-08,0.00016458856688225998,2.7089396348356165e-08,3.693403695441626e-05,sisReg
2.898775372470643e-08,4.2680282266970846e-14,46.875,7.2648693323692836e-09,3.268234213968063e-15,2.57284036200419e-06,7.470277504940806e-35,10.33266918726161,1561.0,1527.0,-7.179037331314656e-07,-2.6973933718769965e-10,1.0053646614140574e-10,7.347329414197405e-07,-2.9274550708578123e-26,-4.3101925820452066e-10,9.713967207661278e-07,9.436115891151864e-13,2.6246330567129336e-07,sisReg
34.78036826461771,8.365983376347783e-05,3.90625,6.66085498249728e-05,3.667408587059617e-06,0.17501076304133453,3.692886216440258e-34,10.33266918726161,199.0,158.0,-0.007106836861188781,-4.709565929447423e-09,1.3509289824859967e-10,0.0072932298277364705,-1.4447037158893732e-24,-6.049333794025057e-05,0.03364773078039473,0.0011321697866699227,0.006363181587580809,sisReg
0.0009371138801274884,1.3873554044851344e-09,39.0625,6.953192698499893e-07,1.1610603979456877e-10,0.0004999349380471313,1.1807452964278055e-39,10.33266918726161,708.0,667.0,-4.588459825667922e-05,-1.6077628788498812e-14,4.1937698630572336e-14,4.3044889699662864e-05,9.47547082438879e-30,1.2703365086507049e-07,0.0001746567862442937,3.050499298118489e-08,1.6230052413803212e-05,sisReg
2.82855116226454e-08,4.71447055476745e-14,46.875,4.480099620130733e-09,3.48306772702488e-15,2.902408450732009e-06,7.698210465605274e-41,10.33266918726161,863.0,819.0,-3.0618398130454026e-07,-1.3969336197162047e-16,2.513148964183474e-16,3.0072901465433167e-07,2.0758776526367507e-33,8.157758271330499e-10,9.595580576370152e-07,9.207516659761213e-13,1.0638982945005696e-07,sisReg
32.16469024954896,7.749827040342922e-05,3.90625,5.9824879904292015e-05,3.394129373481895e-06,0.16855960022919864,1.0887026323048485e-36,10.33266918726161,148.0,107.0,-0.00630681795114837,-1.186117012283794e-11,7.820384460342733e-12,0.005322116064616118,-1.0362915677332264e-27,-5.712697079638514e-05,0.03235775662655525,0.0010470244139033798,0.005830170598461371,sisReg
0.0008413423994708884,1.2599985819096348e-09,39.0625,4.838755542453644e-07,1.0469000976712081e-10,0.0004767237484620794,1.0102493779592705e-40,10.33266918726161,496.0,451.0,-2.7013954410649088e-05,-1.079741350547882e-16,3.1369650028157753e-16,2.559705012268251e-05,8.616076653648844e-32,3.260775231013985e-08,0.0001654915310104341,2.7387446836177468e-08,1.1713948014181118e-05,sisReg
2.4358493434152918e-08,4.298223918099964e-14,46.875,2.782091699652441e-09,3.0220121976338973e-15,2.784394893398319e-06,2.0679783537701915e-43,10.33266918726161,689.0,643.0,-1.71946603182541e-07,-2.4857502249532286e-18,1.6682475019875732e-18,1.7244671750899852e-07,-6.140430200087132e-35,8.482549783646218e-11,8.904603870738067e-07,7.929197009476336e-13,7.295902271471143e-08,sisReg
28.664519770759348,6.8742898330566e-05,3.90625,6.193324349146873e-05,3.0292490632030113e-06,0.15839149882374884,2.171546518687224e-35,10.33266918726161,245.0,203.0,-0.006690395675169059,-1.652940701847485e-10,6.989153357681848e-11,0.007644471853518706,-2.2307513908743903e-26,0.00012873460375320493,0.03054624794781735,0.0009330732636895357,0.005804113741621134,sisReg
0.0007752110666170801,1.0967176457288283e-09,39.0625,6.484913882475513e-07,9.547804340389427e-11,0.00045190696173526507,7.669474651065443e-40,10.33266918726161,497.0,453.0,-5.419580056145846e-05,-1.6143865891867743e-15,2.4001977691317582e-15,5.25593267936876e-05,-6.317427725513376e-31,-1.1177537118488674e-07,0.00015885440739150992,2.5234722747707804e-08,1.7447635496493398e-05,sisReg
2.2694673287050404e-08,4.144940031846063e-14,46.875,3.73781853921856e-09,2.7928122753324395e-15,2.7024552269085046e-06,4.3280107602560616e-42,10.33266918726161,740.0,695.0,-2.572569309155386e-07,-3.1300839299467506e-17,1.653430539036234e-17,2.5589775464799165e-07,-2.7152921007025967e-33,-5.497364054094442e-10,8.595106711686151e-07,7.387585938527232e-13,9.145952227870746e-08,sisReg
28.664519770759348,6.8742898330566e-05,3.90625,6.193324349146873e-05,3.0292490632030113e-06,0.15839149882374884,2.171546518687224e-35,10.33266918726161,245.0,203.0,-0.006690395675169059,-1.652940701847485e-10,6.989153357681848e-11,0.007644471853518706,-2.2307513908743903e-26,0.00012873460375320493,0.03054624794781735,0.0009330732636895357,0.005804113741621134,sisReg
0.0007752110666170801,1.0967176457288283e-09,39.0625,6.484913882475513e-07,9.547804340389427e-11,0.00045190696173526507,7.669474651065443e-40,10.33266918726161,497.0,453.0,-5.419580056145846e-05,-1.6143865891867743e-15,2.4001977691317582e-15,5.25593267936876e-05,-6.317427725513376e-31,-1.1177537118488674e-07,0.00015885440739150992,2.5234722747707804e-08,1.7447635496493398e-05,sisReg
2.2694673287050404e-08,4.144940031846063e-14,46.875,3.73781853921856e-09,2.7928122753324395e-15,2.7024552269085046e-06,4.3280107602560616e-42,10.33266918726161,740.0,695.0,-2.572569309155386e-07,-3.1300839299467506e-17,1.653430539036234e-17,2.5589775464799165e-07,-2.7152921007025967e-33,-5.497364054094442e-10,8.595106711686151e-07,7.387585938527232e-13,9.145952227870746e-08,sisReg
28.664519770759348,6.8742898330566e-05,3.90625,6.193324349146873e-05,3.0292490632030113e-06,0.15839149882374884,2.171546518687224e-35,10.33266918726161,245.0,203.0,-0.006690395675169059,-1.652940701847485e-10,6.989153357681848e-11,0.007644471853518706,-2.2307513908743903e-26,0.00012873460375320493,0.03054624794781735,0.0009330732636895357,0.005804113741621134,sisReg
0.0007752110666170801,1.0967176457288283e-09,39.0625,6.484913882475513e-07,9.547804340389427e-11,0.00045190696173526507,7.669474651065443e-40,10.33266918726161,497.0,453.0,-5.419580056145846e-05,-1.6143865891867743e-15,2.4001977691317582e-15,5.25593267936876e-05,-6.317427725513376e-31,-1.1177537118488674e-07,0.00015885440739150992,2.5234722747707804e-08,1.7447635496493398e-05,sisReg
2.2694673287050404e-08,4.144940031846063e-14,46.875,3.73781853921856e-09,2.7928122753324395e-15,2.7024552269085046e-06,4.3280107602560616e-42,10.33266918726161,740.0,695.0,-2.572569309155386e-07,-3.1300839299467506e-17,1.653430539036234e-17,2.5589775464799165e-07,-2.7152921007025967e-33,-5.497364054094442e-10,8.595106711686151e-07,7.387585938527232e-13,9.145952227870746e-08,sisReg
29.400937007713548,6.236392544876993e-05,3.90625,0.00017448949960625657,2.912142711781237e-06,0.1510176160077744,1.530662281586628e-22,10.373491181781862,933.0,919.0,-0.0206663423825938,-0.0019514975620111613,0.004543490589335269,0.0169641361835874,2.7072602104663518e-11,1.2010871058021866e-05,0.030311369768290325,0.0009187791372300246,0.00972222471632078,SisTel
0.003369501596276896,4.789513032868098e-09,42.96875,3.687308378448699e-06,3.130009178288153e-10,0.0004700876067236046,9.200583345205813e-28,10.373491181781862,1781.0,1763.0,-0.00034422122698109703,-4.958964669727431e-05,5.9978622899012915e-05,0.0003701378430479437,1.6890473440485012e-17,-2.8977833231257408e-08,0.0003244948752198379,1.0529692404393818e-07,0.0001461875727924411,SisTel
1.2929313157347012e-07,1.6519058795610911e-13,50.78125,2.48217213164583e-08,1.1737497991517995e-14,2.73829379051563e-06,2.427685732043637e-28,10.373491181781862,2220.0,2201.0,-2.346874300832183e-06,-3.3811266103065864e-07,3.3743617455603867e-07,2.441339631089476e-06,-9.424220408739697e-20,-2.7149945518545523e-10,2.0100771845774946e-06,4.040410287958987e-12,9.422678556809873e-07,SisTel
29.400937007713548,6.236392544876993e-05,3.90625,0.00017448949960625657,2.912142711781237e-06,0.1510176160077744,1.530662281586628e-22,10.373491181781862,933.0,919.0,-0.0206663423825938,-0.0019514975620111613,0.004543490589335269,0.0169641361835874,2.7072602104663518e-11,1.2010871058021866e-05,0.030311369768290325,0.0009187791372300246,0.00972222471632078,SisTel
0.003369501596276896,4.789513032868098e-09,42.96875,3.687308378448699e-06,3.130009178288153e-10,0.0004700876067236046,9.200583345205813e-28,10.373491181781862,1781.0,1763.0,-0.00034422122698109703,-4.958964669727431e-05,5.9978622899012915e-05,0.0003701378430479437,1.6890473440485012e-17,-2.8977833231257408e-08,0.0003244948752198379,1.0529692404393818e-07,0.0001461875727924411,SisTel
1.2929313157347012e-07,1.6519058795610911e-13,50.78125,2.48217213164583e-08,1.1737497991517995e-14,2.73829379051563e-06,2.427685732043637e-28,10.373491181781862,2220.0,2201.0,-2.346874300832183e-06,-3.3811266103065864e-07,3.3743617455603867e-07,2.441339631089476e-06,-9.424220408739697e-20,-2.7149945518545523e-10,2.0100771845774946e-06,4.040410287958987e-12,9.422678556809873e-07,SisTel
29.400937007713548,6.236392544876993e-05,3.90625,0.00017448949960625657,2.912142711781237e-06,0.1510176160077744,1.530662281586628e-22,10.373491181781862,933.0,919.0,-0.0206663423825938,-0.0019514975620111613,0.004543490589335269,0.0169641361835874,2.7072602104663518e-11,1.2010871058021866e-05,0.030311369768290325,0.0009187791372300246,0.00972222471632078,SisTel
0.003369501596276896,4.789513032868098e-09,42.96875,3.687308378448699e-06,3.130009178288153e-10,0.0004700876067236046,9.200583345205813e-28,10.373491181781862,1781.0,1763.0,-0.00034422122698109703,-4.958964669727431e-05,5.9978622899012915e-05,0.0003701378430479437,1.6890473440485012e-17,-2.8977833231257408e-08,0.0003244948752198379,1.0529692404393818e-07,0.0001461875727924411,SisTel
1.2929313157347012e-07,1.6519058795610911e-13,50.78125,2.48217213164583e-08,1.1737497991517995e-14,2.73829379051563e-06,2.427685732043637e-28,10.373491181781862,2220.0,2201.0,-2.346874300832183e-06,-3.3811266103065864e-07,3.3743617455603867e-07,2.441339631089476e-06,-9.424220408739697e-20,-2.7149945518545523e-10,2.0100771845774946e-06,4.040410287958987e-12,9.422678556809873e-07,SisTel
29.400937007713548,6.236392544876993e-05,3.90625,0.00017448949960625657,2.912142711781237e-06,0.1510176160077744,1.530662281586628e-22,10.373491181781862,933.0,919.0,-0.0206663423825938,-0.0019514975620111613,0.004543490589335269,0.0169641361835874,2.7072602104663518e-11,1.2010871058021866e-05,0.030311369768290325,0.0009187791372300246,0.00972222471632078,SisTel
0.003369501596276896,4.789513032868098e-09,42.96875,3.687308378448699e-06,3.130009178288153e-10,0.0004700876067236046,9.200583345205813e-28,10.373491181781862,1781.0,1763.0,-0.00034422122698109703,-4.958964669727431e-05,5.9978622899012915e-05,0.0003701378430479437,1.6890473440485012e-17,-2.8977833231257408e-08,0.0003244948752198379,1.0529692404393818e-07,0.0001461875727924411,SisTel
1.2929313157347012e-07,1.6519058795610911e-13,50.78125,2.48217213164583e-08,1.1737497991517995e-14,2.73829379051563e-06,2.427685732043637e-28,10.373491181781862,2220.0,2201.0,-2.346874300832183e-06,-3.3811266103065864e-07,3.3743617455603867e-07,2.441339631089476e-06,-9.424220408739697e-20,-2.7149945518545523e-10,2.0100771845774946e-06,4.040410287958987e-12,9.422678556809873e-07,SisTel
29.400937007713548,6.236392544876993e-05,3.90625,0.00017448949960625657,2.912142711781237e-06,0.1510176160077744,1.530662281586628e-22,10.373491181781862,933.0,919.0,-0.0206663423825938,-0.0019514975620111613,0.004543490589335269,0.0169641361835874,2.7072602104663518e-11,1.2010871058021866e-05,0.030311369768290325,0.0009187791372300246,0.00972222471632078,SisTel
0.003369501596276896,4.789513032868098e-09,42.96875,3.687308378448699e-06,3.130009178288153e-10,0.0004700876067236046,9.200583345205813e-28,10.373491181781862,1781.0,1763.0,-0.00034422122698109703,-4.958964669727431e-05,5.9978622899012915e-05,0.0003701378430479437,1.6890473440485012e-17,-2.8977833231257408e-08,0.0003244948752198379,1.0529692404393818e-07,0.0001461875727924411,SisTel
1.2929313157347012e-07,1.6519058795610911e-13,50.78125,2.48217213164583e-08,1.1737497991517995e-14,2.73829379051563e-06,2.427685732043637e-28,10.373491181781862,2220.0,2201.0,-2.346874300832183e-06,-3.3811266103065864e-07,3.3743617455603867e-07,2.441339631089476e-06,-9.424220408739697e-20,-2.7149945518545523e-10,2.0100771845774946e-06,4.040410287958987e-12,9.422678556809873e-07,SisTel
29.400937007713548,6.236392544876993e-05,3.90625,0.00017448949960625657,2.912142711781237e-06,0.1510176160077744,1.530662281586628e-22,10.373491181781862,933.0,919.0,-0.0206663423825938,-0.0019514975620111613,0.004543490589335269,0.0169641361835874,2.7072602104663518e-11,1.2010871058021866e-05,0.030311369768290325,0.0009187791372300246,0.00972222471632078,SisTel
0.003369501596276896,4.789513032868098e-09,42.96875,3.687308378448699e-06,3.130009178288153e-10,0.0004700876067236046,9.200583345205813e-28,10.373491181781862,1781.0,1763.0,-0.00034422122698109703,-4.958964669727431e-05,5.9978622899012915e-05,0.0003701378430479437,1.6890473440485012e-17,-2.8977833231257408e-08,0.0003244948752198379,1.0529692404393818e-07,0.0001461875727924411,SisTel
1.2929313157347012e-07,1.6519058795610911e-13,50.78125,2.48217213164583e-08,1.1737497991517995e-14,2.73829379051563e-06,2.427685732043637e-28,10.373491181781862,2220.0,2201.0,-2.346874300832183e-06,-3.3811266103065864e-07,3.3743617455603867e-07,2.441339631089476e-06,-9.424220408739697e-20,-2.7149945518545523e-10,2.0100771845774946e-06,4.040410287958987e-12,9.422678556809873e-07,SisTel
29.400937007713548,6.236392544876993e-05,3.90625,0.00017448949960625657,2.912142711781237e-06,0.1510176160077744,1.530662281586628e-22,10.373491181781862,933.0,919.0,-0.0206663423825938,-0.0019514975620111613,0.004543490589335269,0.0169641361835874,2.7072602104663518e-11,1.2010871058021866e-05,0.030311369768290325,0.0009187791372300246,0.00972222471632078,SisTel
0.003369501596276896,4.789513032868098e-09,42.96875,3.687308378448699e-06,3.130009178288153e-10,0.0004700876067236046,9.200583345205813e-28,10.373491181781862,1781.0,1763.0,-0.00034422122698109703,-4.958964669727431e-05,5.9978622899012915e-05,0.0003701378430479437,1.6890473440485012e-17,-2.8977833231257408e-08,0.0003244948752198379,1.0529692404393818e-07,0.0001461875727924411,SisTel
1.2929313157347012e-07,1.6519058795610911e-13,50.78125,2.48217213164583e-08,1.1737497991517995e-14,2.73829379051563e-06,2.427685732043637e-28,10.373491181781862,2220.0,2201.0,-2.346874300832183e-06,-3.3811266103065864e-07,3.3743617455603867e-07,2.441339631089476e-06,-9.424220408739697e-20,-2.7149945518545523e-10,2.0100771845774946e-06,4.040410287958987e-12,9.422678556809873e-07,SisTel
29.400937007713548,6.236392544876993e-05,3.90625,0.00017448949960625657,2.912142711781237e-06,0.1510176160077744,1.530662281586628e-22,10.373491181781862,933.0,919.0,-0.0206663423825938,-0.0019514975620111613,0.004543490589335269,0.0169641361835874,2.7072602104663518e-11,1.2010871058021866e-05,0.030311369768290325,0.0009187791372300246,0.00972222471632078,SisTel
0.003369501596276896,4.789513032868098e-09,42.96875,3.687308378448699e-06,3.130009178288153e-10,0.0004700876067236046,9.200583345205813e-28,10.373491181781862,1781.0,1763.0,-0.00034422122698109703,-4.958964669727431e-05,5.9978622899012915e-05,0.0003701378430479437,1.6890473440485012e-17,-2.8977833231257408e-08,0.0003244948752198379,1.0529692404393818e-07,0.0001461875727924411,SisTel
1.2929313157347012e-07,1.6519058795610911e-13,50.78125,2.48217213164583e-08,1.1737497991517995e-14,2.73829379051563e-06,2.427685732043637e-28,10.373491181781862,2220.0,2201.0,-2.346874300832183e-06,-3.3811266103065864e-07,3.3743617455603867e-07,2.441339631089476e-06,-9.424220408739697e-20,-2.7149945518545523e-10,2.0100771845774946e-06,4.040410287958987e-12,9.422678556809873e-07,SisTel
42.018588717394046,8.80387585292456e-05,3.90625,0.00014816697941820827,4.079470974618563e-06,0.16189402468035297,2.8497735786577136e-26,10.373491181781862,414.0,393.0,-0.03257937106187684,-0.001598586060010373,0.0017254760172052855,0.03177815122492192,3.5096198063089386e-18,1.7249674644793562e-05,0.036236454018947394,0.0013130805998672885,0.012582424572414576,SisTel
0.0010457525073549571,1.1403686287637301e-09,39.0625,1.091622810272664e-06,1.1499012367022283e-10,0.00045269864552812593,8.625224593791319e-31,10.373491181781862,1114.0,1089.0,-0.00011699490643874947,-3.925794024559662e-06,4.035083002648327e-06,0.00011444688843713917,3.403336769037985e-21,-4.870053622717973e-08,0.0001807754504436379,3.267976348310018e-08,4.713645820844042e-05,SisTel
2.27242651432097e-08,3.8011678382139105e-14,46.875,5.118536261506525e-09,2.6477213041599843e-15,2.625974128962709e-06,1.3824166213975348e-32,10.373491181781862,1743.0,1717.0,-4.2119555751632324e-07,-2.7038094282882e-08,2.3826616136234886e-08,4.2664144213621857e-07,-2.1676405556629768e-24,-4.4543153441264324e-10,8.426939464099948e-07,7.101330873160513e-13,1.6225849425811546e-07,SisTel
41.57963618999076,7.239369135367782e-05,3.90625,0.00013767242615072442,4.055156057391943e-06,0.15964120226304637,1.2712865609651465e-32,10.373491181781862,312.0,279.0,-0.03458886346231788,-1.3916836727662074e-07,1.6214485736906023e-07,0.03393260579668676,-6.49666202898402e-25,9.173904284401437e-06,0.03604668565591976,0.0012993635467766914,0.011636712890414111,SisTel
0.0012438395356695392,1.6970918335070699e-09,19.53125,1.0247914284509302e-06,1.333094668987379e-10,0.00045090832724642676,1.755141348486371e-37,10.373491181781862,582.0,545.0,-0.0001464639272435779,-2.0655013176770145e-12,6.72182749620451e-12,0.00013805390237895044,7.088722321823346e-28,-2.381664883507438e-08,0.000197154723307458,3.886998492244033e-08,4.8658493504158777e-05,SisTel
2.061299640159936e-08,3.521172741786716e-14,46.875,3.5598938032918572e-09,2.423108235331324e-15,2.5513655866339048e-06,1.0085318808755285e-38,10.373491181781862,1027.0,989.0,-3.44978430834333e-07,-4.864688933410649e-14,1.481134677851523e-13,3.4333483955894213e-07,6.313759848639435e-30,-1.4862097317331524e-10,8.025933686878968e-07,6.441561154617863e-13,1.1491578682498321e-07,SisTel
42.1932163671857,8.6259425930499e-05,3.90625,0.00016342067732548528,4.159882471581386e-06,0.16898119636881553,1.2282724146476538e-27,10.373491181781862,456.0,431.0,-0.03242600104068179,-0.0013975549716868806,0.0010776805024338234,0.03329606850576588,-1.0317073480390351e-18,-2.193231912756552e-05,0.03631167209655775,0.0013185375304479306,0.012805919345083319,SisTel
0.0015923783590216544,1.920549045590385e-09,39.0625,1.5807448800929302e-06,1.6627701987873933e-10,0.0005062541759545806,3.443716495225465e-33,10.373491181781862,958.0,929.0,-0.00019849821753193923,-1.7905067342166154e-07,1.2786511493590847e-06,0.0002013626387660547,7.627498194015283e-23,4.177639093728355e-08,0.00022307357973135205,4.976182197415988e-08,7.16511503695968e-05,SisTel
3.23276814372513e-08,5.563795389335725e-14,46.875,6.406878942524924e-09,3.5659998621091206e-15,2.8122220319889914e-06,8.106468937724622e-34,10.373491181781862,1481.0,1453.0,-6.896450636107739e-07,-6.201160497549835e-09,7.003440131433696e-09,6.73081866142725e-07,5.369376334246174e-25,2.0270586852113052e-10,1.0051069613849236e-06,1.0102400038244342e-12,2.6763913950658985e-07,SisTel
39.18981174680097,8.618435914653089e-05,3.90625,0.00013692486101304747,3.917402760480996e-06,0.1774182889486243,8.440249385811585e-23,10.373491181781862,641.0,625.0,-0.02121331243333508,-0.003011654383565205,0.0029328258110735785,0.022046470802959267,-1.167291248794469e-13,-1.8366541686185717e-05,0.0349954465574834,0.0012246812797576767,0.010759361299875923,SisTel
0.0012058580393384001,1.6072402585290707e-09,39.0625,1.461637685580495e-06,1.3458589595400905e-10,0.0005003398297529718,8.879677194152235e-28,10.373491181781862,1467.0,1447.0,-0.0001581107668578392,-2.5729617738575476e-05,2.549885405174143e-05,0.00015309751048903826,6.614281873574076e-18,4.372976306303188e-08,0.00019412125544883755,3.768306181703284e-08,5.992073526254324e-05,SisTel
3.2543205969569456e-08,5.3967333686422744e-14,46.875,7.613457674769986e-09,3.664909511884753e-15,2.9857202028699256e-06,2.762449340251602e-29,10.373491181781862,2068.0,2047.0,-7.491813287957963e-07,-1.2486800133738954e-07,1.2847413473918768e-07,7.557905308299847e-07,-1.4652962750633564e-21,3.0373364820563243e-10,1.0084518304286606e-06,1.0169750942949161e-12,2.9649364947074606e-07,SisTel
32.07362141360342,3.9026729643643616e-05,11.71875,0.00011612817722726536,3.067143227539328e-06,0.10614605175670797,9.448058713925074e-39,10.373491181781862,222.0,177.0,-0.008114518027516664,-1.1266523975881222e-13,1.130518668466743e-13,0.006174326285825082,1.570668574910104e-30,-1.5575634412707442e-05,0.03165912864522205,0.0010023004265747194,0.0074262669733608615,SisTel
0.005935015302991254,1.2170437176033968e-08,35.15625,1.7008787913355918e-06,5.560672604242432e-10,0.0009896873525703407,1.1471403501550836e-43,10.373491181781862,372.0,327.0,-4.07816191761243e-05,-5.509123201534488e-19,1.0549450731813898e-17,3.822790867918109e-05,7.675674345446783e-34,4.698210086511687e-10,0.00043066138463792637,1.8546922821825597e-07,8.5220133567361e-05,SisTel
6.825746031958826e-08,1.0467637721637901e-13,46.875,5.803963318069248e-09,6.4077897134117895e-15,3.4392793390346622e-06,7.480084846134742e-44,10.373491181781862,484.0,437.0,-2.3267865807159543e-07,-8.682642234661315e-19,9.762072062004842e-19,2.3736867411885793e-07,1.5797777848524893e-35,-1.573965586607036e-10,1.4604949880822792e-06,2.1330456102134567e-12,2.9825204314230467e-07,SisTel
42.176225746087034,7.22149775453297e-05,3.90625,0.00016421591443066354,4.178023827556327e-06,0.163051925206944,4.582095346604508e-33,10.373491181781862,352.0,311.0,-0.034386501539972976,-4.8690714113954615e-08,4.792507491277164e-08,0.03473264473405922,3.289405628528794e-25,-0.00029415642346685745,0.036303175158155974,0.001317920526563753,0.011796546212054533,SisTel
0.003317238644926909,2.5665958787269588e-09,35.15625,2.6800668127907894e-06,3.4445304555243304e-10,0.0004668006332509023,2.1131423896590237e-38,10.373491181781862,656.0,613.0,-0.00028445627784011207,-7.226365385834764e-13,3.0185813836728973e-12,0.00028684728955987625,2.218750402856726e-28,7.22554643343442e-07,0.0003219676778323459,1.0366318556875327e-07,8.994471849618179e-05,SisTel
3.81222342090833e-08,5.284273329160799e-14,46.875,7.611784412493671e-09,3.946176186687891e-15,2.5052026933217523e-06,6.114803369171042e-39,10.373491181781862,944.0,905.0,-1.0133969826120188e-06,-6.350905057363749e-14,7.438148821472523e-14,9.801194807577215e-07,1.5971167364913032e-30,-3.099811752932376e-10,1.0914759378683177e-06,1.191319722945524e-12,3.187764363171504e-07,SisTel
39.54504744266719,8.747732581492666e-05,3.90625,0.00010268015705494742,3.981063208910664e-06,0.18131439054162618,5.098927151882451e-33,10.373491181781862,311.0,276.0,-0.01848468718323506,-6.837122720415855e-08,2.0418712858724275e-08,0.019932756289675495,-4.147295945453906e-24,-5.8210125185338905e-06,0.035153701066874356,0.0012357826986991631,0.008691142293243114,SisTel
0.001132354890101518,1.5720058987375722e-09,39.0625,9.680584113646186e-07,1.2992576159229222e-10,0.0005215081643148824,2.3907900621864857e-38,10.373491181781862,712.0,673.0,-0.00012136325804789314,-1.169244588545065e-12,2.1049494025999933e-12,0.00012494921085287348,1.5507212369697484e-28,3.0824062330135504e-08,0.0001881119064959728,3.538608936554962e-08,3.6150210288284674e-05,SisTel
3.0863027868133016e-08,5.1202216979646925e-14,46.875,5.047757529808844e-09,3.57683750558193e-15,3.021324002581875e-06,1.4382107678228292e-39,10.373491181781862,1025.0,985.0,-5.550752852374867e-07,-1.6047796600977598e-14,1.4553713853789748e-14,5.405398682305616e-07,1.6081396153162538e-31,2.773997276734267e-10,9.820741030739725e-07,9.644695439285478e-13,1.7039238927235872e-07,SisTel
39.71001729449418,8.486101185379182e-05,3.90625,0.00015270441742822738,3.9683456995539964e-06,0.17773245178289598,1.8182983856789961e-22,10.373491181781862,689.0,675.0,-0.022827333412565015,-0.004231632323192976,0.004438874458836609,0.02257687955537833,2.523750090497993e-13,2.895423708556719e-05,0.035226938585478845,0.0012409372021050982,0.011626487277457145,SisTel
0.0016729454253921819,2.0678654346650992e-09,39.0625,1.917208684712103e-06,1.7489855382612678e-10,0.0005077242563887159,8.726650504491002e-28,10.373491181781862,1415.0,1397.0,-0.00021127591510415998,-3.3575610931433416e-05,3.2370912987277776e-05,0.00021163657563134163,8.979826174365034e-18,-4.7863906201507716e-08,0.00022864720040392396,5.2279542252552166e-08,8.605500019719404e-05,SisTel
4.376575837600651e-08,7.433311922459394e-14,46.875,9.307724232262983e-09,4.618110643723789e-15,2.909485874296411e-06,9.617995438360206e-29,10.373491181781862,2050.0,2031.0,-9.560623613826664e-07,-1.4008630157073634e-07,1.4333984326160483e-07,9.630073562865914e-07,-1.327200512721489e-20,-2.1122046525214802e-10,1.1694784754907285e-06,1.3676799046361186e-12,4.040885765641641e-07,SisTel
39.71001729449418,8.486101185379182e-05,3.90625,0.00015270441742822738,3.9683456995539964e-06,0.17773245178289598,1.8182983856789961e-22,10.373491181781862,689.0,675.0,-0.022827333412565015,-0.004231632323192976,0.004438874458836609,0.02257687955537833,2.523750090497993e-13,2.895423708556719e-05,0.035226938585478845,0.0012409372021050982,0.011626487277457145,SisTel
0.0016729454253921819,2.0678654346650992e-09,39.0625,1.917208684712103e-06,1.7489855382612678e-10,0.0005077242563887159,8.726650504491002e-28,10.373491181781862,1415.0,1397.0,-0.00021127591510415998,-3.3575610931433416e-05,3.2370912987277776e-05,0.00021163657563134163,8.979826174365034e-18,-4.7863906201507716e-08,0.00022864720040392396,5.2279542252552166e-08,8.605500019719404e-05,SisTel
4.376575837600651e-08,7.433311922459394e-14,46.875,9.307724232262983e-09,4.618110643723789e-15,2.909485874296411e-06,9.617995438360206e-29,10.373491181781862,2050.0,2031.0,-9.560623613826664e-07,-1.4008630157073634e-07,1.4333984326160483e-07,9.630073562865914e-07,-1.327200512721489e-20,-2.1122046525214802e-10,1.1694784754907285e-06,1.3676799046361186e-12,4.040885765641641e-07,SisTel
40.69215208973466,9.026857681381593e-05,3.90625,0.00013450379606374274,4.0839701798464296e-06,0.18474296107904967,5.37467267303257e-22,10.373491181781862,871.0,857.0,-0.018425418858148183,-0.0029118528847030456,0.00298298464329962,0.018790731075052088,-9.338673307787975e-14,-1.783856291721634e-05,0.0356599135527539,0.0012716294345898813,0.010117127414307692,SisTel
0.0016708708691511459,2.224117567586537e-09,31.25,1.8863250286968858e-06,1.767727360752385e-10,0.0005187285869291991,7.8269792939897265e-28,10.373491181781862,1561.0,1543.0,-0.00024216796542925659,-3.553375508583386e-05,3.5634671028405216e-05,0.00023553304981987388,4.411082294641677e-17,2.1933170676979188e-08,0.00022850539201495736,5.221471417990933e-08,8.88055616471479e-05,SisTel
3.993429828543842e-08,5.801715904911877e-14,46.875,9.65506405749206e-09,4.307830882370117e-15,2.9522850953217352e-06,2.6681823819891044e-28,10.373491181781862,2072.0,2057.0,-1.0808042478432316e-06,-1.850009888434893e-07,1.7986750039499605e-07,1.0866728013056269e-06,1.0740232291460423e-19,9.244362553713264e-11,1.1171153981904137e-06,1.2479468128741267e-12,4.133305647486906e-07,SisTel
141.5711514569979,0.00023092937921063354,23.4375,0.0004268635687558924,1.2942907143740678e-05,0.15533590401242053,9.30483162613386e-17,10.373491181781862,1053.0,1049.0,-0.0753369721329117,-0.004454211471146587,0.0046236780049770535,0.07874941753768677,6.693534134683219e-08,-7.108254691199934e-06,0.06651389653676816,0.0044240984325038995,0.027126371086456352,SisTel
0.05171132348151441,7.796629800423321e-08,31.25,8.156447924204915e-06,4.635790672509667e-09,0.00237388134166677,4.1582627886982124e-22,10.373491181781862,1844.0,1839.0,-0.001280312467420995,-5.028106821466024e-05,5.1585018663829036e-05,0.0012857641872901502,2.08263980032911e-12,-2.011601322810091e-09,0.0012712115712159324,1.6159788587932792e-06,0.0004641368636524826,SisTel
3.4267097306774053e-07,4.601551528287376e-13,58.59375,2.3331007760685943e-08,3.0703585963776286e-14,8.54248748150211e-06,2.781265562738844e-21,10.373491181781862,2509.0,2503.0,-2.9630722598973314e-06,-1.7967343358828623e-07,1.7907751644950146e-07,2.9486397922621503e-06,1.169645097364206e-12,-3.0496459800179336e-10,3.2723795341255094e-06,1.0708467815363486e-11,1.167080480069911e-06,SisTel
36.4931826321269,7.564343769264494e-05,3.90625,0.00012551703527390723,3.642462152834366e-06,0.16904086874858051,1.2561993618062409e-26,10.373491181781862,644.0,621.0,-0.018471644466873337,-0.001208261414859003,0.0011868190656980028,0.019272711737497897,-6.310086781062506e-18,-4.436961168873226e-05,0.03376995689353962,0.0011404099885915242,0.00959049419628911,SisTel
0.001926255798083915,2.9673615517250956e-09,31.25,1.6606638884732686e-06,1.9803589390519775e-10,0.00047164234197259286,1.7281751191551814e-31,10.373491181781862,1170.0,1143.0,-0.00020374515792119798,-1.7459878411248788e-06,3.0253582886737014e-06,0.0001990627508818963,6.981364269572451e-22,3.822239594180279e-08,0.00024534769660457544,6.01954922291708e-08,7.668685679142915e-05,SisTel
3.375982818674563e-08,4.7148124957667524e-14,50.78125,7.353717329049136e-09,3.654346723783302e-15,2.697611982102662e-06,1.1837451456707091e-32,10.373491181781862,1603.0,1575.0,-7.761712525181065e-07,-1.7430210434393934e-08,3.027555760245258e-08,7.490468565041081e-07,6.1104544134285054e-24,1.371131434088498e-10,1.0271293063854166e-06,1.054994612035787e-12,2.960438366052794e-07,SisTel
38.92099165912894,7.931400469212721e-05,3.90625,0.0001669969239023045,3.854130302885666e-06,0.17183082784434023,1.2734615201541108e-15,10.373491181781862,1109.0,1109.0,-0.025564609423280153,-0.004035742588220402,0.0040383355735570566,0.025182702122634265,1.376710994331249e-06,-6.915839993935956e-06,0.03487521959097801,0.0012162809415189363,0.012056140039484764,SisTel
0.0024400549657075674,3.053792816337702e-09,35.15625,2.640148082556951e-06,2.4270510819629376e-10,0.0004914054062980915,3.2693279735392728e-21,10.373491181781862,2053.0,2047.0,-0.00033606181197469974,-5.6185608995411315e-05,5.669136604090904e-05,0.00032987030091806234,9.460300543411471e-11,6.486853716456141e-08,0.00027613712801873345,7.625171347043437e-08,0.00012662449517800842,SisTel
5.0525543726486694e-08,7.243916716255618e-14,46.875,1.2666204170065594e-08,5.092501670545655e-15,2.7349100514907823e-06,1.4383208745940978e-21,10.373491181781862,2740.0,2735.0,-1.4574286882656027e-06,-2.723716676125786e-07,2.724188399642812e-07,1.4474262414526134e-06,4.0934727208297823e-13,1.5365308120006534e-10,1.2565521150527102e-06,1.5789232178434397e-12,5.65989596114015e-07,SisTel
